TOKENID,Name,TOKEN,DESCRIPTION
6meqXWxEebEbUru5kdjiNUw2fDKtkdHspsfVSzv7kLEC,SBS CREW COMMON,SBS-CREWC,CREW COMMON LEASED FOR LOOTING TO SKULL & BONES
88UiR6tfQvwZFaq6ccJmgKt1DJB5d8rgY3oq6vv3fCwm,SBS CREW UNCOMMON,SBS-CREWU,CREW UNCOMMON LEASED FOR LOOTING TO SKULL & BONES
Hce69gju9rL1L29ytpE9HhnwLdo4hdKV3Tzj6hbBKf1L,SBS AIRBIKE,SBS-AIRB,FIMBUL AIRBIKE LEASED FOR LOOTING TO SKULL & BONES
3aN22z5X4cwri86GQLfBarkvdwCLo6HtwPBZ4FaJsVJP,SBS JET,SBS-JET,OPAL JET LEASED FOR LOOTING TO SKULL & BONES
4B3AD3iiuPndy3p9GNjZ1ckdyiktWXk9h7r4xg1MZiLp,SBS SOLOS,SBS-SOLO,VZUS SOLOS LEASED FOR LOOTING TO SKULL & BONES
D9dvDFfGx6rpMzRTrZifUcLLPLCtp7JfNfQUxzRrzNVt,SBS X4,SBS-X4,PEARCE X4 LEASED FOR LOOTING TO SKULL & BONES
EuR3poGJUKs5Y6n9fx7osZdxUJetQ6xhZkqMz1V5tmr5,SBS RUCH,SBS-RUCH,OGRIKA RUCH LEASED FOR LOOTING TO SKULL & BONES
6FuAe2ii6bQ4R6D68FLe6kXnvnHEdzsxKDmPY9fx3Qy2,SBS UNIBOMBA,SBS-UNIB,FIMBUL ECOS UNIBOMBA LEASED FOR LOOTING TO SKULL & BONES
FvcJZLp3nCykg6CMjT5BVnFHoTWx1SRGbqbiZqaR3r4h,SBS LOWBIE,SBS-LOWB,FIMBUL LOWBIE LEASED FOR LOOTING TO SKULL & BONES
A1LpN99tLYqC32JcTaDECdXWPVqDG51CXQCBaXKQ9sFF,SBS X5,SBS-X5,PEARCE X5 LEASED FOR LOOTING TO SKULL & BONES
4jnmFw9vm8rU5qHt925jAWCP3ooBkWvy2cif5vxrxj1x,SBS MAXHOG,SBS-MAXH,CALICO MAXHOG LEASED FOR LOOTING TO SKULL & BONES
GFCMLrRwToJSAT9kfZ8Yx8Jfx32WT4NnPyhB6gGXtW1H,SBS SCUD,SBS-SCUD,CALICO SCUD LEASED FOR LOOTING TO SKULL & BONES
FbUXPxPGj6qSUEh2qorJ2LnB6jJq61aCFBAojRpkFPEK,SBS NIRUCH,SBS-NIRU,OGRIKA NIRUCH LEASED FOR LOOTING TO SKULL & BONES
8sNn3aeKaWmqQjwKkusVuHHjQDhRLQGWKAzAHBaF9tan,SBS JETJET,SBS-JETJ,OPAL JETJET LEASED FOR LOOTING TO SKULL & BONES
92zv5CFdvDLhnJgLGAtYWAR2GavhQ9iZirumRhFFnZZ4,SBS MIK,SBS-MIK,OGRIKA MIK LEASED FOR LOOTING TO SKULL & BONES
Gs62xS2fchknQszZSarAhA2zGdzRrxSKRgGabQ3DZKwg,SBS RAYFAM,SBS-RAYF,OPAL RAYFAM LEASED FOR LOOTING TO SKULL & BONES
HWSn93gcLnBxCbuv4mAgGMsRasLiG94FdRoYxRqAFHzm,SBS FEIST,SBS-FEIS,TUFA FEIST LEASED FOR LOOTING TO SKULL & BONES
2mQiUqHVShwH6dLJ3Ppa8B6ftjz5fknMcuvg85NSdshE,SBS EARP,SBS-EARP,FIMBUL BYOS EARP LEASED FOR LOOTING TO SKULL & BONES
29ei26e4SjZWmBXbpcqV1zXbrBev4w54PX2UMskVwUkX,SBS SHIPIT,SBS-SHIP,CALICO SHIPIT LEASED FOR LOOTING TO SKULL & BONES
5uWinav6q8Py2NfraAdhDL2qDdd6e458HQH1fFJVKfmA,SBS MEDTECH,SBS-MEDT,CALICO MEDTECH LEASED FOR LOOTING TO SKULL & BONES
527AVxj5pZcBwVeYyFLfusKGq66pHnJq79itPzPiBZe6,SBS X6,SBS-X6,PEARCE X6 LEASED FOR LOOTING TO SKULL & BONES
FyWVE8dYM1awoedZT9eoT16VvXycx76dnKftc7VQ16WY,SBS THRILLOFLIFE,SBS-THRI,BUSAN THRILLOFLIFE LEASED FOR LOOTING TO SKULL & BONES
Fc4TeK4aMtbbwN82cW3rtLRZ6bAD24gektWqAergJLhj,SBS TIP,SBS-TIP,ARMSTRONG INDUSTRIES TIP LEASED FOR LOOTING TO SKULL & BONES
H8QjMJd7kvocPwcuNKhq6ynR3xHEB6n2RnSgQvJK5U3n,SBS CHI,SBS-CHI,RAINBOW CHI LEASED FOR LOOTING TO SKULL & BONES
2KaBHH1nPaGppasqAGS622emo1Fkms4ULrfaPTMpanFD,SBS R6,SBS-R6,PEARCE R6 LEASED FOR LOOTING TO SKULL & BONES
E1J7XDeugvweCpm3EtT3VgQAxC8fRDuRfpUv7yWrMueV,SBS AMBWE,SBS-AMBW,VZUS AMBWE LEASED FOR LOOTING TO SKULL & BONES
GxwdQnbpfP4rjrqX2D9Q7BbwiiF2ALBHnWidLfQtAy2q,SBS OPOD,SBS-OPOD,VZUS OPOD LEASED FOR LOOTING TO SKULL & BONES
BhdUH3pZRi5ixVm8hhfUMzuopR8KjiBDkUb23Wc8TWLW,SBS MAMBA,SBS-MAM,FIMBUL MAMBA LEASED FOR LOOTING TO SKULL & BONES
3wWvzXFrhZMBJu1AC9pAiqUxGqvGHyUizzzLwEF7Wojc,SBS MAMBA EX,SBS-MAME,FIMBUL MAMBAEX LEASED FOR LOOTING TO SKULL & BONES
Ex28Wn43CJa54d741vpCCN82FFFz578xqSx624mtHfGd,SBS TAP,SBS-TAP,ARMSTRONG INDUSTRIES TAP LEASED FOR LOOTING TO SKULL & BONES
Ek9o4pBVnPAUSm2z9SkXAM9a4Ejm6skHfgvm545e8ehM,SBS ATS ENFORCER,SBS-ATSE,CALICO ATS ENFORCER LEASED FOR LOOTING TO SKULL & BONES
6UVt5sKL7AST2gQa8Kqz4tgwViXKdXrBdkc9PxqbN3Cu,SBS EVAC,SBS-EVAC,CALICO EVAC LEASED FOR LOOTING TO SKULL & BONES
AXEC5QtR1Pf5T2v34jbTtX7XkAzUr1vNqzZSm8REz9Jb,SBS OM,SBS-OM,RAINBOW OM LEASED FOR LOOTING TO SKULL & BONES
G6TkMqRh7fdbk3RyRNz3j4bHJYNXqfMgqpVjmoXDseUU,SBS TURSIC,SBS-TURS,OGRIKA TURSIC LEASED FOR LOOTING TO SKULL & BONES
3guNWobWVuTYFtRRWJs1FxBTvGEWNKAsyRT4zPw7d3V9,SBS F4,SBS-F4,PEARCE F4 LEASED FOR LOOTING TO SKULL & BONES
38nXxCbp2tZTe97zAVybRsic4AF2N31BdP7UxJ1C3bH6,SBS PACKLITE,SBS-PACK,FIMBUL BYOS PACKLITE LEASED FOR LOOTING TO SKULL & BONES
ADmMfpGoPRg1iH7XbWemrbwFhXoNuZ3ZGRXvVxyEsChj,SBS COMPAKTHERO,SBS-COMP,CALICO COMPAKTHERO LEASED FOR LOOTING TO SKULL & BONES
3cebB4fh5DhmFqifi6nBsZn54xTPbDGYbXJrA5WArqaf,SBS RANGER,SBS-RANG,FIMBUL BYOS RANGER LEASED FOR LOOTING TO SKULL & BONES